{
	"class_name" : "PinholeCameraParameters",
	"extrinsic" : 
	[
		0.23638829109442813,
		-0.12747051828951916,
		0.96326104603085527,
		0.0,
		-0.96645483119842002,
		0.071617900198992876,
		0.24664941845526553,
		0.0,
		-0.10042726266651647,
		-0.9892533261698383,
		-0.10626486519646111,
		0.0,
		5919.3811281968519,
		1741.7241385473203,
		8925.1459929963967,
		1.0
	],
	"intrinsic" : 
	{
		"height" : 1369,
		"intrinsic_matrix" : 
		[
			1185.5887777808966,
			0.0,
			0.0,
			0.0,
			1185.5887777808966,
			0.0,
			1279.5,
			684.0,
			1.0
		],
		"width" : 2560
	},
	"version_major" : 1,
	"version_minor" : 0
}