{
	"class_name" : "PinholeCameraParameters",
	"extrinsic" : 
	[
		0.685869646032647,
		-0.68450310359655664,
		0.24705936496666805,
		0.0,
		-0.019163858887251417,
		-0.35636696972245024,
		-0.93414952197353707,
		0.0,
		0.72747204424885026,
		0.63597019117056108,
		-0.25753900826647402,
		0.0,
		-0.012290774776315211,
		0.0023703493812919918,
		0.94889971731835765,
		1.0
	],
	"intrinsic" : 
	{
		"height" : 1080,
		"intrinsic_matrix" : 
		[
			935.30743608719376,
			0.0,
			0.0,
			0.0,
			935.30743608719376,
			0.0,
			959.5,
			539.5,
			1.0
		],
		"width" : 1920
	},
	"version_major" : 1,
	"version_minor" : 0
}