{
	"class_name" : "PinholeCameraParameters",
	"extrinsic" : 
	[
		0.30288010052173386,
		-0.77192543694249915,
		0.55892286096479915,
		0.0,
		0.33343006033534095,
		-0.46357564820415792,
		-0.82092753228093518,
		0.0,
		0.89279787162196766,
		0.43500429675260288,
		0.1169753060866186,
		0.0,
		-0.033451562782212965,
		0.010477471529411454,
		0.88420547046195019,
		1.0
	],
	"intrinsic" : 
	{
		"height" : 1080,
		"intrinsic_matrix" : 
		[
			935.30743608719376,
			0.0,
			0.0,
			0.0,
			935.30743608719376,
			0.0,
			959.5,
			539.5,
			1.0
		],
		"width" : 1920
	},
	"version_major" : 1,
	"version_minor" : 0
}