{
	"class_name" : "PinholeCameraParameters",
	"extrinsic" : 
	[
		0.82957434444317113,
		0.28535729182640418,
		-0.4799766901039918,
		0.0,
		0.55748805901615028,
		-0.47225295498238262,
		0.68277683804066835,
		0.0,
		-0.03183506079919296,
		-0.83399542115763925,
		-0.55085221828726771,
		0.0,
		-1692.0599787962265,
		5010.6110095927852,
		7114.4208775055149,
		1.0
	],
	"intrinsic" : 
	{
		"height" : 1080,
		"intrinsic_matrix" : 
		[
			935.30743608719376,
			0.0,
			0.0,
			0.0,
			935.30743608719376,
			0.0,
			959.5,
			539.5,
			1.0
		],
		"width" : 1920
	},
	"version_major" : 1,
	"version_minor" : 0
}